top_category,n_customers,avg_historical_spend,churn_rate
Technology,244,2878.905793852459,0.20491803278688525
Furniture,279,2228.9750311827956,0.2616487455197133
Office Supplies,264,1880.900719318182,0.2878787878787879
