segment,n_customers,churn_rate,avg_historical_spend
Champions,121,0,4010.9692363636364
Loyal Customers,256,0.07421875,3019.8889265625
Potential Loyalists,217,0.2488479262672811,1789.6998967741936
Needs Attention,154,0.564935064935065,1030.0544993506494
At Risk,39,1,396.9929230769231
