marketing_segment,customers,avg_monetary,total_monetary,retained_customers,incremental_revenue,campaign_cost,expected_roi
High Value + High Retention,31,7479.265016129032,231857.2155,3.1,23185.721550000002,155,148.59
High Value + Medium Retention,89,5446.840782022472,484768.8296,8.9,48476.88296,445,107.94
High Value + Low Retention,77,4405.009745454546,339185.7504,7.7,33918.57504,385,87.1
Medium Value + Low Retention,62,1844.138464516129,114336.5848,6.2,11433.65848,310,35.88
Medium Value + Medium Retention,217,1770.775038248848,384258.1833,21.700000000000003,38425.81833000001,1085,34.42
Medium Value + High Retention,114,1662.0964763157895,189478.9983,11.4,18947.899830000002,570,32.24
Low Value + Low Retention,58,460.4013,26703.2754,5.800000000000001,2670.3275400000002,290,8.21
Low Value + Medium Retention,87,389.60583908045976,33895.708,8.700000000000001,3389.5708000000004,435,6.79
Low Value + High Retention,52,315.5825384615385,16410.292,5.2,1641.0292000000002,260,5.31
